parameter,standard_pure_pursuit,adaptive_pure_pursuit,function
controller,pure_pursuit,adaptive_pure_pursuit,selección del nodo
control_rate,25 Hz,25 Hz,loop de control
nominal_linear_speed,0.45 m/s,0.90 m/s,velocidad nominal
max_linear_speed,0.50 m/s,1.00 m/s,límite del controlador
max_angular_speed,2.00 rad/s,4.00 rad/s,límite angular
lookahead,"clamp(0.60+1.30|v|,0.30,1.20) m","clamp((0.60+0.60|v_prev|)/(1+0.60|κ_preview|),0.30,1.20) m",ley activa
curvature_preview_distance,no aplica,1.20 m,máximo |κ| futuro
linear_acceleration_limit,no explícito,0.70 m/s²,rate limiter
linear_deceleration_limit,no explícito,1.40 m/s²,rate limiter
wheel_angular_limit,10 rad/s,20 rad/s,metadatos de run
