method,scenario,trial,run_id,execution_mode,environment,success,reason,samples,cte_rmse_m,cte_mae_m,cte_max_m,heading_rmse_rad,completion_time_s,final_goal_error_m,progress_percent,omega_saturations,mean_abs_delta_omega_rad_s,mean_control_compute_us,collision_metric
pure_pursuit_pt_2602_hotel,straight_open,1,1,offline_kinematic_simulation,offline,1,goal_tolerance_reached,336,0.272169,0.169619,0.865556,0.344863,13.400000,0.238263,100.000,335,0.001461,7.753515,occupancy_grid_checked
pure_pursuit_pt_2602_hotel,straight_open,2,1,offline_kinematic_simulation,offline,1,goal_tolerance_reached,336,0.272169,0.169619,0.865556,0.344863,13.400000,0.238263,100.000,335,0.001461,7.550250,occupancy_grid_checked
pure_pursuit_pt_2602_hotel,straight_open,3,1,offline_kinematic_simulation,offline,1,goal_tolerance_reached,336,0.272169,0.169619,0.865556,0.344863,13.400000,0.238263,100.000,335,0.001461,7.510202,occupancy_grid_checked
lqr_pt_2602_hotel,straight_open,1,1,offline_kinematic_simulation,offline,1,goal_tolerance_reached,269,0.056855,0.035384,0.204077,0.097990,10.720000,0.236801,100.000,3,0.019145,2760.484249,occupancy_grid_checked
lqr_pt_2602_hotel,straight_open,2,1,offline_kinematic_simulation,offline,1,goal_tolerance_reached,269,0.056855,0.035384,0.204077,0.097990,10.720000,0.236801,100.000,3,0.019145,2754.149684,occupancy_grid_checked
lqr_pt_2602_hotel,straight_open,3,1,offline_kinematic_simulation,offline,1,goal_tolerance_reached,269,0.056855,0.035384,0.204077,0.097990,10.720000,0.236801,100.000,3,0.019145,2784.842234,occupancy_grid_checked
pure_pursuit_pt_2602_hotel,curves_obstacle,1,1,offline_kinematic_simulation,offline,0,inflated_grid_collision,128,0.457987,0.441493,0.666284,0.435044,5.080000,5.500029,39.726,128,0.002980,17.017461,occupancy_grid_checked
pure_pursuit_pt_2602_hotel,curves_obstacle,2,1,offline_kinematic_simulation,offline,0,inflated_grid_collision,128,0.457987,0.441493,0.666284,0.435044,5.080000,5.500029,39.726,128,0.002980,16.336828,occupancy_grid_checked
pure_pursuit_pt_2602_hotel,curves_obstacle,3,1,offline_kinematic_simulation,offline,0,inflated_grid_collision,128,0.457987,0.441493,0.666284,0.435044,5.080000,5.500029,39.726,128,0.002980,16.284391,occupancy_grid_checked
lqr_pt_2602_hotel,curves_obstacle,1,1,offline_kinematic_simulation,offline,0,inflated_grid_collision,95,0.153352,0.135176,0.222989,0.267329,3.760000,5.436716,26.712,16,0.317072,2790.993958,occupancy_grid_checked
lqr_pt_2602_hotel,curves_obstacle,2,1,offline_kinematic_simulation,offline,0,inflated_grid_collision,95,0.153352,0.135176,0.222989,0.267329,3.760000,5.436716,26.712,16,0.317072,2791.357653,occupancy_grid_checked
lqr_pt_2602_hotel,curves_obstacle,3,1,offline_kinematic_simulation,offline,0,inflated_grid_collision,95,0.153352,0.135176,0.222989,0.267329,3.760000,5.436716,26.712,16,0.317072,2774.208389,occupancy_grid_checked
pure_pursuit_pt_2602_hotel,narrow,1,1,offline_kinematic_simulation,offline,1,goal_tolerance_reached,649,0.358293,0.290496,0.861963,0.570158,25.920000,0.242614,100.000,648,0.001846,13.216365,occupancy_grid_checked
pure_pursuit_pt_2602_hotel,narrow,2,1,offline_kinematic_simulation,offline,1,goal_tolerance_reached,649,0.358293,0.290496,0.861963,0.570158,25.920000,0.242614,100.000,648,0.001846,13.082112,occupancy_grid_checked
pure_pursuit_pt_2602_hotel,narrow,3,1,offline_kinematic_simulation,offline,1,goal_tolerance_reached,649,0.358293,0.290496,0.861963,0.570158,25.920000,0.242614,100.000,648,0.001846,13.003787,occupancy_grid_checked
lqr_pt_2602_hotel,narrow,1,1,offline_kinematic_simulation,offline,1,goal_tolerance_reached,435,0.065296,0.038412,0.213101,0.170124,17.360000,0.237160,100.000,22,0.049605,2763.222269,occupancy_grid_checked
lqr_pt_2602_hotel,narrow,2,1,offline_kinematic_simulation,offline,1,goal_tolerance_reached,435,0.065296,0.038412,0.213101,0.170124,17.360000,0.237160,100.000,22,0.049605,2763.465940,occupancy_grid_checked
lqr_pt_2602_hotel,narrow,3,1,offline_kinematic_simulation,offline,1,goal_tolerance_reached,435,0.065296,0.038412,0.213101,0.170124,17.360000,0.237160,100.000,22,0.049605,2773.406067,occupancy_grid_checked
pure_pursuit_pt_2602_hotel,straight_open,1,1,offline_kinematic_simulation,offline,1,goal_tolerance_reached,336,0.272169,0.169619,0.865556,0.344863,13.400000,0.238263,100.000,335,0.001461,7.563628,occupancy_grid_checked
pure_pursuit_pt_2602_hotel,straight_open,2,1,offline_kinematic_simulation,offline,1,goal_tolerance_reached,336,0.272169,0.169619,0.865556,0.344863,13.400000,0.238263,100.000,335,0.001461,7.362551,occupancy_grid_checked
pure_pursuit_pt_2602_hotel,straight_open,3,1,offline_kinematic_simulation,offline,1,goal_tolerance_reached,336,0.272169,0.169619,0.865556,0.344863,13.400000,0.238263,100.000,335,0.001461,7.333074,occupancy_grid_checked
lqr_pt_2602_hotel,straight_open,1,1,offline_kinematic_simulation,offline,1,goal_tolerance_reached,269,0.056855,0.035384,0.204077,0.097990,10.720000,0.236801,100.000,3,0.019145,2814.104223,occupancy_grid_checked
lqr_pt_2602_hotel,straight_open,2,1,offline_kinematic_simulation,offline,1,goal_tolerance_reached,269,0.056855,0.035384,0.204077,0.097990,10.720000,0.236801,100.000,3,0.019145,2801.502141,occupancy_grid_checked
lqr_pt_2602_hotel,straight_open,3,1,offline_kinematic_simulation,offline,1,goal_tolerance_reached,269,0.056855,0.035384,0.204077,0.097990,10.720000,0.236801,100.000,3,0.019145,2794.712520,occupancy_grid_checked
pure_pursuit_pt_2602_hotel,curves_obstacle,1,1,offline_kinematic_simulation,offline,0,inflated_grid_collision,128,0.457987,0.441493,0.666284,0.435044,5.080000,5.500029,39.726,128,0.002980,16.463766,occupancy_grid_checked
pure_pursuit_pt_2602_hotel,curves_obstacle,2,1,offline_kinematic_simulation,offline,0,inflated_grid_collision,128,0.457987,0.441493,0.666284,0.435044,5.080000,5.500029,39.726,128,0.002980,16.579273,occupancy_grid_checked
pure_pursuit_pt_2602_hotel,curves_obstacle,3,1,offline_kinematic_simulation,offline,0,inflated_grid_collision,128,0.457987,0.441493,0.666284,0.435044,5.080000,5.500029,39.726,128,0.002980,16.329312,occupancy_grid_checked
lqr_pt_2602_hotel,curves_obstacle,1,1,offline_kinematic_simulation,offline,0,inflated_grid_collision,95,0.153352,0.135176,0.222989,0.267329,3.760000,5.436716,26.712,16,0.317072,2810.887611,occupancy_grid_checked
lqr_pt_2602_hotel,curves_obstacle,2,1,offline_kinematic_simulation,offline,0,inflated_grid_collision,95,0.153352,0.135176,0.222989,0.267329,3.760000,5.436716,26.712,16,0.317072,2813.725242,occupancy_grid_checked
lqr_pt_2602_hotel,curves_obstacle,3,1,offline_kinematic_simulation,offline,0,inflated_grid_collision,95,0.153352,0.135176,0.222989,0.267329,3.760000,5.436716,26.712,16,0.317072,2818.657305,occupancy_grid_checked
pure_pursuit_pt_2602_hotel,curves_orientation,1,1,offline_kinematic_simulation,offline,1,goal_tolerance_reached,359,0.244511,0.155368,0.804111,0.302330,14.320000,0.243302,100.000,358,0.001375,6.957499,occupancy_grid_checked
pure_pursuit_pt_2602_hotel,curves_orientation,2,1,offline_kinematic_simulation,offline,1,goal_tolerance_reached,359,0.244511,0.155368,0.804111,0.302330,14.320000,0.243302,100.000,358,0.001375,6.882557,occupancy_grid_checked
pure_pursuit_pt_2602_hotel,curves_orientation,3,1,offline_kinematic_simulation,offline,1,goal_tolerance_reached,359,0.244511,0.155368,0.804111,0.302330,14.320000,0.243302,100.000,358,0.001375,6.927267,occupancy_grid_checked
lqr_pt_2602_hotel,curves_orientation,1,1,offline_kinematic_simulation,offline,1,goal_tolerance_reached,276,0.056096,0.037740,0.198710,0.095484,11.000000,0.241691,100.000,3,0.018823,2821.441500,occupancy_grid_checked
lqr_pt_2602_hotel,curves_orientation,2,1,offline_kinematic_simulation,offline,1,goal_tolerance_reached,276,0.056096,0.037740,0.198710,0.095484,11.000000,0.241691,100.000,3,0.018823,2801.761591,occupancy_grid_checked
lqr_pt_2602_hotel,curves_orientation,3,1,offline_kinematic_simulation,offline,1,goal_tolerance_reached,276,0.056096,0.037740,0.198710,0.095484,11.000000,0.241691,100.000,3,0.018823,2795.861471,occupancy_grid_checked
pure_pursuit_pt_2602_hotel,narrow,1,1,offline_kinematic_simulation,offline,1,goal_tolerance_reached,649,0.358293,0.290496,0.861963,0.570158,25.920000,0.242614,100.000,648,0.001846,12.813565,occupancy_grid_checked
pure_pursuit_pt_2602_hotel,narrow,2,1,offline_kinematic_simulation,offline,1,goal_tolerance_reached,649,0.358293,0.290496,0.861963,0.570158,25.920000,0.242614,100.000,648,0.001846,12.839957,occupancy_grid_checked
pure_pursuit_pt_2602_hotel,narrow,3,1,offline_kinematic_simulation,offline,1,goal_tolerance_reached,649,0.358293,0.290496,0.861963,0.570158,25.920000,0.242614,100.000,648,0.001846,12.751308,occupancy_grid_checked
lqr_pt_2602_hotel,narrow,1,1,offline_kinematic_simulation,offline,1,goal_tolerance_reached,435,0.065296,0.038412,0.213101,0.170124,17.360000,0.237160,100.000,22,0.049605,2808.608232,occupancy_grid_checked
lqr_pt_2602_hotel,narrow,2,1,offline_kinematic_simulation,offline,1,goal_tolerance_reached,435,0.065296,0.038412,0.213101,0.170124,17.360000,0.237160,100.000,22,0.049605,2800.380579,occupancy_grid_checked
lqr_pt_2602_hotel,narrow,3,1,offline_kinematic_simulation,offline,1,goal_tolerance_reached,435,0.065296,0.038412,0.213101,0.170124,17.360000,0.237160,100.000,22,0.049605,2794.434972,occupancy_grid_checked
pure_pursuit_pt_2602_hotel,manual,0,1,ros_live,gazebo,1,goal_tolerance_reached,589,0.499292,0.468184,0.723930,0.492186,14.739074,0.256697,100.000,0,0.000929,0.000000,not_measured
pure_pursuit_pt_2602_hotel,manual,0,2,ros_live,gazebo,1,goal_tolerance_reached,1217,1.538877,1.196351,2.588735,0.873579,30.425262,0.255342,100.000,0,0.000666,0.000000,not_measured
lqr_pt_2602_hotel,manual,0,1,ros_live,gazebo,1,goal_tolerance_reached,391,0.069483,0.052369,0.193626,0.093422,15.607055,0.243714,100.000,0,0.032113,0.000000,not_measured
lqr_pt_2602_hotel,manual,0,2,ros_live,gazebo,0,empty_path,0,,,,,0.000109,,0.000,0,,,not_measured
lqr_pt_2602_hotel,manual,0,3,ros_live,gazebo,1,goal_tolerance_reached,426,0.032638,0.026614,0.099291,0.079352,17.034303,0.235905,100.000,0,0.024250,0.000000,not_measured
lqr_pt_2602_hotel,manual,0,4,ros_live,gazebo,1,goal_tolerance_reached,489,0.078122,0.051420,0.209733,0.235810,19.523210,0.247992,100.000,15,0.022389,0.000000,not_measured
lqr_pt_2602_hotel,manual,0,5,ros_live,gazebo,1,goal_tolerance_reached,450,0.026351,0.020736,0.071047,0.066540,17.980750,0.241464,100.000,0,0.016712,0.000000,not_measured
lqr_pt_2602_hotel,manual,0,6,ros_live,gazebo,1,goal_tolerance_reached,559,0.070912,0.041990,0.259167,0.253520,22.340966,0.239685,100.000,19,0.018475,0.000000,not_measured
lqr_pt_2602_hotel,manual,0,7,ros_live,gazebo,1,goal_tolerance_reached,659,0.051895,0.033986,0.213303,0.092066,26.326209,0.225289,100.000,0,0.021516,0.000000,not_measured
lqr_pt_2602_hotel,manual,0,8,ros_live,gazebo,0,empty_path,0,,,,,0.000126,,0.000,0,,,not_measured
lqr_pt_2602_hotel,manual,0,9,ros_live,gazebo,0,empty_path,0,,,,,0.000085,,0.000,0,,,not_measured
lqr_pt_2602_hotel,manual,0,10,ros_live,gazebo,1,goal_tolerance_reached,485,0.125175,0.090367,0.331483,0.186286,19.387094,0.244037,100.000,6,0.039477,0.000000,not_measured
pure_pursuit_pt_2602_hotel,manual,0,1,ros_live,gazebo,1,goal_tolerance_reached,431,0.122178,0.089150,0.242342,0.363490,10.791667,0.267714,100.000,0,0.000739,0.000000,not_measured
pure_pursuit_pt_2602_hotel,manual,0,2,ros_live,gazebo,1,goal_tolerance_reached,454,1.223391,1.073634,2.078453,0.655292,11.367405,0.252155,100.000,0,0.000660,0.000000,not_measured
lqr_pt_2602_hotel,manual,0,1,ros_live,gazebo,1,goal_tolerance_reached,360,0.075991,0.055801,0.227642,0.213924,14.375539,0.243918,100.000,19,0.046517,0.000000,not_measured
